Position,r_depth,Consensus_res,A_f,A_r,C_f,C_r,G_f,G_r,T_f,T_r
2,2,C,0,2,0,0
3,3,T,0,0,0,3
4,8,G,0,0,8,0
5,8,G,0,0,8,0
6,14,C,0,14,0,0
7,14,T,0,0,0,14
8,17,T,0,0,0,17
9,39,T,0,0,0,39
10,215,T,0,0,1,214
11,1533,C,0,1533,0,0
12,3301,T,1,0,0,3300
13,11050,C,4,11042,2,2
14,15820,C,1,15817,1,1
15,16422,A,16420,1,0,1
16,17711,G,1,0,17709,1
17,17973,A,17973,0,0,0
18,18016,A,18016,0,0,0
19,17565,C,29,17529,0,7
20,18151,C,1,18095,1,54
21,18103,C,5,17744,18,336
22,16662,G,42,34,16277,309
23,17947,G,200,17,17707,23
24,17802,A,17574,60,40,128
25,18136,A,17982,12,85,57
26,18113,G,85,9,17995,24
27,17375,C,41,16412,118,804
28,18160,G,49,4,18087,20
29,18178,T,34,797,14,17333
30,18433,C,6,18200,12,215
31,18549,G,67,7,18466,9
32,18514,T,28,339,15,18132
33,18508,C,6,18422,4,76
34,18532,G,21,12,18478,21
35,17248,C,7,17113,23,105
36,18514,C,14,18260,5,235
37,18663,C,4,18300,5,354
38,18554,C,2,16511,124,1917
39,17134,G,36,216,15436,1446
40,18714,G,104,9,18597,4
41,18731,A,18641,48,10,32
42,18631,C,20,18374,3,234
43,18603,T,62,536,67,17938
44,18465,G,90,66,18287,22
45,18575,C,109,17316,20,1130
46,18709,G,31,11,18591,76
47,18707,C,19,18443,13,232
48,18744,C,8,18344,10,382
49,18666,C,24,17335,33,1274
50,18588,G,159,14,18373,42
51,18656,C,59,18054,37,506
52,18492,G,161,10,18244,77
53,18753,G,107,20,18558,68
54,18743,T,72,172,7,18492
55,18651,C,22,18507,4,118
56,18556,T,74,485,59,17938
57,18621,G,62,30,18496,33
58,18693,C,35,17925,31,702
59,18618,T,18,275,89,18236
60,18680,A,18449,55,152,24
61,18533,T,50,119,72,18292
62,18722,T,26,499,21,18176
63,18665,C,4,18157,39,465
64,18772,G,43,23,18694,12
65,18569,C,26,18006,44,493
66,18734,C,3,18503,16,212
67,18771,C,13,18306,36,416
68,18681,G,260,30,18357,34
69,18853,C,30,18547,41,235
70,18818,G,8,22,18758,30
71,18860,A,18817,13,24,6
72,18828,T,28,81,31,18688
73,18424,G,24,16,18362,22
74,18845,G,72,58,18694,21
75,18843,A,18765,17,29,32
76,18860,C,26,18699,39,96
77,18889,A,18837,12,14,26
78,18900,C,20,18717,2,161
79,18825,C,4,18711,14,96
80,18843,A,18821,5,15,2
81,18848,T,17,102,2,18727
82,18914,C,38,18791,15,70
83,18924,A,18883,1,37,3
84,18895,T,31,30,2,18832
85,18890,C,3,18840,2,45
86,18891,C,33,18827,3,28
87,18837,A,18659,8,123,47
88,18766,C,5,18649,14,98
89,18690,A,18553,44,36,57
90,18401,A,18332,17,20,32
91,1277,C,21,1195,22,39
92,1400,A,846,47,19,488
93,1350,C,165,843,26,316
94,18118,C,15,17952,44,107
95,17801,T,343,40,58,17360
96,18448,C,17,17829,158,444
97,18436,G,33,8,18304,91
98,18704,G,24,6,18665,9
99,18665,T,111,136,17,18401
100,18804,G,43,26,18729,6
101,18860,A,18837,11,5,7
102,18720,G,42,9,18655,14
103,18734,C,47,18320,35,332
104,18855,G,47,9,18730,69
105,18733,T,20,498,21,18194
106,18892,C,2,18661,1,228
107,18897,C,11,18794,46,46
108,18897,C,50,18700,70,77
109,18879,A,18720,37,85,37
110,18829,C,63,18706,8,52
111,18826,C,11,18752,19,44
112,18134,C,111,17318,54,651
113,18467,A,18212,86,127,42
114,16441,A,15425,212,781,23
115,18599,A,17969,462,85,83
116,18599,G,2099,127,16314,59
117,18651,G,18,357,18125,151
118,18662,G,32,28,18582,20
119,18590,A,18035,39,495,21
120,4128,G,423,8,3680,17
121,13538,G,265,30,12922,321
122,18172,G,100,14,17807,251
123,18404,G,25,9,18297,73
124,18393,G,48,12,18308,25
125,18524,G,46,21,18297,160
126,18450,G,24,15,18383,28
127,18359,T,207,496,27,17629
128,18300,A,18044,40,202,14
129,18536,G,31,12,18468,25
130,18272,T,34,618,47,17573
131,18609,T,51,282,57,18219
132,18653,T,22,207,362,18062
133,18601,A,18224,99,252,26
134,18693,A,18091,235,115,252
135,18727,T,34,958,72,17663
136,18754,A,18552,60,116,26
137,18410,G,118,32,18234,26
138,18599,C,164,17936,102,397
139,18496,G,54,22,18213,207
140,18794,G,37,14,18713,30
141,18769,A,18710,12,22,25
142,18581,G,86,8,18438,49
143,18596,G,83,4,18482,27
144,18476,C,98,18111,51,216
145,18438,G,57,2,18198,181
146,18646,G,38,26,18536,46
147,18590,A,18487,48,9,46
148,18545,T,6,275,35,18229
149,18514,A,18360,23,107,24
150,18230,C,31,17995,54,150
151,18353,G,77,2,18256,18
152,18525,C,37,18133,26,329
153,18307,G,49,19,18095,144
154,18614,G,45,139,18270,160
155,18630,T,3,259,8,18360
156,18643,T,3,16,3,18621
157,18636,T,1,10,0,18625
158,18500,T,1,16,4,18479
159,17314,C,233,16215,4,862
160,16609,T,6666,57,23,9863
161,10840,T,64,621,85,10070
162,10984,T,8,385,97,10494
163,11250,T,146,490,78,10536
164,11264,A,9407,23,627,1207
165,17432,A,15196,169,1350,717
166,17974,G,76,660,16733,505
167,18284,C,94,17412,7,771
168,18373,G,17,7,18299,50
169,18330,C,37,18172,2,119
170,18471,C,74,17905,5,487
171,18349,G,119,2,18214,14
172,18332,C,37,17979,3,313
173,18178,T,42,799,48,17289
174,18435,G,68,31,18319,17
175,18437,A,18405,12,12,8
176,18390,C,21,18144,3,222
177,17895,T,11,102,33,17749
178,18444,T,56,90,77,18221
179,18467,G,47,18,18392,10
180,18261,T,19,359,16,17867
181,18302,T,7,126,6,18163
182,18131,T,11,27,16,18077
183,17848,C,3,17662,5,178
184,18247,T,4,26,8,18209
185,18303,T,4,70,25,18204
186,18282,C,2,18222,7,51
187,17724,T,52,121,62,17489
188,18318,G,31,35,18160,92
189,14255,T,22,336,131,13766
190,16699,T,16,183,49,16451
191,17266,T,15,197,92,16962
192,18289,T,14,386,49,17840
193,18367,T,39,80,153,18095
194,18324,T,80,270,84,17890
195,18320,G,840,11,17462,7
196,18188,C,165,17944,36,43
197,18154,A,17614,38,37,465
198,18139,C,123,17866,96,54
199,18229,C,47,17919,48,215
200,18167,G,173,9,17971,14
201,16853,T,147,169,119,16418
202,16921,G,677,13,16210,21
203,18133,T,352,387,178,17216
204,18273,G,79,2,18185,7
205,18120,C,68,17568,43,441
206,17926,T,61,732,86,17047
207,18206,G,53,23,18107,23
208,18216,T,27,914,11,17264
209,18127,T,27,37,40,18023
210,17425,T,11,1205,15,16194
211,18197,C,61,17299,162,675
212,18219,G,91,22,18064,42
213,18211,C,105,17960,31,115
214,18264,C,22,17852,17,373
215,18238,C,21,17939,82,196
216,18118,A,17861,18,49,190
217,18129,G,12,26,18054,37
218,17824,A,17749,17,41,17
219,18085,C,448,17431,2,204
220,18070,C,1,17986,1,82
221,18110,C,22,17316,13,759
222,17981,G,48,51,17829,53
223,17989,C,46,17841,4,98
224,17629,A,17616,0,13,0
225,17429,A,17168,91,120,50
226,17484,C,34,17153,15,282
227,17683,A,17659,1,3,20
228,17655,C,42,17552,2,59
229,17509,C,57,17391,6,55
230,17071,A,16697,131,173,70
231,17367,C,723,16502,5,137
232,17554,T,3,230,8,17313
233,17660,A,17564,43,28,25
234,17626,C,104,17421,21,80
235,15609,T,49,239,8,15313
236,17638,C,35,17319,20,264
237,17675,C,29,16941,162,543
238,17606,G,205,27,17356,18
239,17517,C,20,17346,6,145
240,17125,A,17098,9,8,10
241,16674,C,33,16348,9,284
242,16661,A,16458,35,157,11
243,16936,T,38,52,16,16830
244,17091,C,8,17066,6,11
245,17011,A,16950,17,34,10
246,16682,A,16378,115,23,166
247,16605,T,21,1048,178,15358
248,17117,G,1412,8,15682,15
249,16882,A,15744,38,47,1053
250,16985,C,28,16401,492,64
251,17121,A,17041,10,22,48
252,17068,C,50,16769,7,242
253,17129,T,75,1105,11,15938
254,17070,T,33,103,276,16658
255,17086,G,47,17,16955,67
256,16962,C,54,16238,48,622
257,17092,A,16886,138,38,30
258,17099,A,16988,53,42,16
259,17078,C,27,16717,92,242
260,17146,A,17104,3,24,15
261,17023,T,13,150,19,16841
262,17073,G,316,41,16687,29
263,17183,A,17033,13,26,111
264,17158,C,5,16886,13,254
265,16942,G,34,7,16822,79
266,16789,G,128,42,16507,112
267,15701,G,420,23,15179,79
268,17012,G,37,6,16928,41
269,16831,C,46,16430,20,335
270,16854,C,108,14487,28,2231
271,17029,G,93,3,16926,7
272,16914,C,39,11829,38,5008
273,16764,T,60,220,36,16448
274,16755,G,482,104,16035,134
275,16830,T,57,392,140,16241
276,16637,T,32,1090,13,15502
277,16842,C,31,16241,50,520
278,16887,G,38,17,16809,23
279,17024,C,39,16748,12,225
280,17040,C,57,16426,12,545
281,17044,A,17029,1,14,0
282,17011,T,40,24,2,16945
283,17001,C,5,16980,0,16
284,17004,C,2,16893,8,101
285,16862,G,23,6,16830,3
286,16783,C,24,16556,14,189
287,16858,A,16823,19,12,4
288,16874,C,21,16794,5,54
289,16938,C,16,16886,8,28
290,16904,A,16878,9,11,6
291,16837,C,24,16785,1,27
292,16544,C,212,15795,158,379
293,16591,G,31,43,16485,32
294,16500,A,16168,194,60,78
295,16679,A,16377,154,57,91
296,16808,G,10,1,16783,14
297,16570,C,9,16244,48,269
298,16550,C,61,15516,42,931
299,16435,G,463,24,15926,22
300,16451,T,113,174,426,15738
301,16462,G,143,136,16137,46
302,16467,C,423,15693,143,208
303,16622,T,43,317,30,16232
304,16601,C,20,16476,28,77
305,16391,A,16107,79,67,138
306,16488,A,16317,77,33,61
307,16456,T,6,1714,50,14686
308,16459,A,16419,7,21,12
309,16370,C,41,16181,23,125
310,15056,A,14613,169,217,57
311,15386,C,214,14573,25,574
312,16151,T,70,338,10,15733
313,16405,C,18,16334,19,34
314,16506,A,16456,13,29,8
315,16490,T,47,233,4,16206
316,16525,C,4,16451,8,62
317,16422,A,16352,12,51,7
318,16130,T,46,136,24,15924
319,16209,C,13,15729,11,456
320,16395,T,12,218,17,16148
321,16339,T,8,104,30,16197
322,16276,C,1,16185,29,61
323,16191,G,57,23,16097,14
324,16039,T,32,155,55,15797
325,15766,G,357,28,15374,7
326,16123,G,79,5,16016,23
327,16287,G,25,8,16227,27
328,16299,C,77,15970,33,219
329,16246,G,123,8,16020,95
330,16360,G,208,2,16040,110
331,16357,T,69,368,4,15916
332,16371,C,12,16304,1,54
333,16287,C,35,15757,90,405
334,16268,G,51,11,16181,25
335,16090,C,18,15804,40,228
336,16077,T,12,194,6,15865
337,16203,C,4,16062,32,105
338,15992,A,15868,26,77,21
339,15820,A,15568,118,72,62
340,15810,C,37,15170,124,479
341,16031,G,13,15,15992,11
342,16046,C,25,15676,39,306
343,15697,T,22,1752,127,13796
344,15584,A,15371,18,145,50
345,15954,T,43,146,61,15704
346,16082,A,15890,9,151,32
347,15680,G,67,6,15601,6
348,15926,T,106,248,31,15541
349,16048,G,32,8,16005,3
350,15985,T,47,1072,42,14824
351,15986,T,52,75,23,15836
352,15752,G,95,38,15559,60
353,15799,G,436,75,15257,31
354,15963,T,22,100,25,15816
355,15941,C,9,15819,37,76
356,15958,A,15814,58,77,9
357,15831,C,10,15682,11,128
358,15842,G,38,10,15779,15
359,15934,C,55,15772,8,99
360,15938,A,15915,15,6,2
361,15766,A,15441,111,146,68
362,15918,C,63,15727,6,122
363,15866,T,56,335,67,15408
364,15892,G,79,50,15733,30
365,15774,C,34,15556,28,156
366,15783,T,24,134,63,15562
367,15911,C,5,15838,10,58
368,15831,A,15766,9,36,20
369,15786,C,124,15544,1,117
370,15570,C,24,15189,152,205
371,15858,A,15649,179,21,9
372,15808,A,15722,64,10,12
373,15676,T,22,345,8,15301
374,15719,C,4,15577,28,110
375,15733,G,33,10,15686,4
376,15799,C,13,15633,29,124
377,15722,G,35,9,15674,4
378,15164,T,43,203,62,14856
379,15036,G,371,667,13926,72
380,15366,C,31,13523,88,1724
381,15389,T,40,123,19,15207
382,14480,T,66,180,515,13719
383,15332,G,105,104,15065,58
384,15539,G,123,121,15147,148
385,15518,C,65,14944,9,500
386,15502,T,24,120,41,15317
387,15511,A,15322,26,136,27
388,15478,T,29,108,55,15286
389,15532,T,30,453,1,15048
390,15460,C,3,14920,77,460
391,15543,G,154,29,15343,17
392,15568,A,15475,18,17,58
393,15459,C,7,15354,14,84
394,15526,G,14,277,15196,39
395,15578,C,26,15330,65,157
396,15581,C,11,15325,30,215
397,15589,C,31,15441,35,82
398,15568,A,15533,5,13,17
399,15522,C,37,15384,3,98
400,15521,C,14,15399,8,100
401,15522,A,15496,6,16,4
402,15467,T,13,44,12,15398
403,15489,C,9,15375,4,101
404,15427,T,26,121,47,15233
405,15433,A,15226,32,149,26
406,15441,C,5,15317,29,90
407,15321,A,15238,13,57,13
408,15298,T,10,137,20,15131
409,15393,G,17,34,15335,7
410,15424,A,15401,6,3,14
411,15369,C,6,15272,0,91
412,15402,C,8,15304,3,87
413,15379,A,15353,5,18,3
414,15354,A,15301,17,6,30
415,15086,C,60,15000,1,25
416,15250,C,4,14904,8,334
417,15112,T,5,385,5,14717
418,15191,C,5,15084,10,92
419,14347,T,14,131,51,14151
420,15234,A,15068,18,141,7
421,15086,T,20,53,37,14976
422,15011,T,12,155,9,14835
423,14648,C,7,14492,20,129
424,14814,A,14452,288,65,9
425,14853,A,14790,8,13,42
426,14861,C,46,14491,1,323
427,15013,T,16,1374,54,13569
428,15014,A,14940,22,29,23
429,15012,A,14920,64,4,24
430,14896,C,18,14813,1,64
431,14799,T,10,86,3,14700
432,14829,T,23,44,10,14752
433,13331,T,21,881,11,12418
434,13775,C,13,13008,12,742
435,14883,T,32,71,19,14761
436,14705,C,18,14581,53,53
437,14908,A,14749,47,58,54
438,14818,C,8,14678,18,114
439,14848,G,11,4,14827,6
440,14763,C,10,14672,16,65
441,14584,T,7,41,21,14515
442,14235,T,45,439,47,13704
443,14737,A,14598,10,93,36
444,14683,C,193,14186,22,282
445,14717,C,35,14219,40,423
446,14707,G,28,2,14668,9
447,14138,T,25,126,17,13970
448,13680,G,462,2,13194,22
449,13721,T,42,655,122,12902
450,14331,T,47,36,42,14206
451,14263,A,13369,18,739,137
452,14275,C,100,13838,64,273
453,14298,C,34,13750,5,509
454,12295,T,312,661,3,11319
455,13958,T,4,196,4,13754
456,14389,T,3,80,10,14296
457,14444,T,4,243,49,14148
458,14461,A,14356,7,92,6
459,14411,T,77,108,8,14218
460,14429,C,4,14349,4,72
461,14147,G,76,7,14059,5
462,14083,T,68,125,14,13876
463,14338,G,88,103,14120,27
464,14313,C,10,14208,13,82
465,14095,T,31,245,5,13814
466,14013,C,61,13652,232,68
467,14044,A,13774,98,90,82
468,13943,G,33,20,13869,21
469,14203,C,46,13686,26,445
470,13957,A,13914,6,11,26
471,14196,A,14112,54,11,19
472,14093,T,17,613,7,13456
473,14190,C,49,14022,40,79
474,14079,A,13870,27,97,85
475,14010,G,42,9,13941,18
476,14098,T,33,167,33,13865
477,13996,G,66,22,13807,101
478,14117,G,83,6,14001,27
479,14007,C,24,11107,16,2860
480,13960,T,24,255,25,13656
481,13943,G,568,17,13337,21
482,14019,C,109,13625,105,180
483,13970,T,44,1643,35,12248
484,13982,A,13587,22,320,53
485,13557,C,444,12685,257,171
486,13946,C,74,12938,38,896
487,13956,G,83,1320,12386,167
488,13960,G,60,9,13854,37
489,13170,C,47,12405,243,475
490,12928,C,43,11251,90,1544
491,12966,G,291,245,12342,88
492,13633,G,28,32,13544,29
493,13705,C,20,13522,38,125
494,13569,G,78,6,13477,8
495,13467,T,19,305,161,12982
496,13745,G,90,142,13478,35
497,13906,G,115,175,13527,89
498,13828,C,44,13704,28,52
499,12690,C,40,11558,33,1059
500,13564,T,30,614,51,12869
501,13523,C,19,13349,67,88
502,13229,G,107,87,12995,40
503,13447,T,127,238,122,12960
504,13747,G,74,4,13664,5
505,13757,C,67,13533,17,140
506,13441,A,13408,11,14,8
507,13735,A,13703,10,10,12
508,13692,A,13552,48,50,42
509,13563,T,22,82,19,13440
510,13758,T,15,166,6,13571
511,13733,C,5,13687,4,37
512,13175,C,21,12402,11,741
513,13646,T,34,1435,49,12128
514,13879,G,72,47,13752,8
515,13873,T,71,196,15,13591
516,13859,C,7,13699,2,151
517,13809,G,52,16,13651,90
518,13846,G,48,52,13731,15
519,13690,T,78,101,66,13445
520,13807,G,18,111,13673,5
521,13794,A,13773,8,13,0
522,13455,T,26,157,7,13265
523,13538,C,14,12511,55,958
524,13551,T,27,763,55,12706
525,13531,A,13441,14,59,17
526,13744,C,72,13303,9,360
527,13627,T,18,270,38,13301
528,13679,A,13491,41,85,62
529,13516,C,98,13325,10,83
530,12298,T,50,606,18,11624
531,13223,C,14,12874,45,290
532,10633,A,9561,196,596,280
533,11620,A,9823,489,423,885
534,13445,G,4,30,13369,42
535,13487,T,3,3726,33,9725
536,13356,T,36,158,80,13082
537,13531,G,53,8,13391,79
538,13461,C,149,12366,51,895
539,13367,A,13212,23,105,27
540,13419,C,99,13135,25,160
541,13410,A,13200,14,46,150
542,13373,G,112,2,13243,16
543,13080,T,27,253,43,12757
544,12413,G,363,74,11963,13
545,13395,G,18,20,13343,14
546,13482,G,6,20,13442,14
547,13392,C,2,13015,173,202
548,12821,T,21,49,22,12729
549,13308,T,23,41,15,13229
550,13427,T,24,243,98,13062
551,13390,G,49,6,13309,26
552,13416,C,95,13241,22,58
553,13441,C,14,13220,12,195
554,13458,A,13428,4,16,10
555,13403,C,147,13150,10,96
556,13421,C,15,13020,26,360
557,13275,G,53,8,13207,7
558,13234,T,73,307,22,12832
559,13257,A,13179,7,63,8
560,13323,G,20,6,13268,29
561,12949,C,22,12694,31,202
562,13299,C,29,12668,11,591
563,13305,T,14,831,9,12451
564,13285,T,20,34,88,13143
565,13338,G,11,24,13264,39
566,13344,A,13331,2,9,2
567,13079,T,30,104,2,12943
568,13013,C,7,12858,6,142
569,12945,G,34,3,12896,12
570,12961,C,125,12563,25,248
571,13322,C,47,12837,8,430
572,13275,G,25,0,13220,30
573,13271,C,103,12973,8,187
574,13285,C,11,12564,6,704
575,13221,G,31,4,13152,34
576,13222,A,13180,6,27,9
577,13176,C,27,12928,4,217
578,13177,C,13,12214,53,897
579,13051,G,30,74,12932,15
580,13068,C,264,12666,19,119
581,13178,T,2,785,22,12369
582,13058,A,12958,21,54,25
583,12894,T,41,303,15,12535
584,13023,C,35,12851,30,107
585,13188,G,83,5,12886,214
586,13164,C,29,12918,34,183
587,13116,G,62,31,13014,9
588,12730,T,65,43,18,12604
589,13092,C,14,12172,11,895
590,13125,C,5,13097,5,18
591,12846,T,6,153,22,12665
592,13059,T,11,106,57,12885
593,13089,C,2,13004,24,59
594,12823,A,12659,53,83,28
595,12630,C,79,12067,46,438
596,12879,A,12544,220,78,37
597,12953,A,12774,55,95,29
598,12934,G,31,22,12873,8
599,12890,C,4,12778,27,81
600,12947,G,10,22,12848,67
601,12628,A,12379,18,38,193
602,12970,A,12927,14,13,16
603,12958,C,380,12378,2,198
604,12964,T,12,878,35,12039
605,12917,T,21,111,88,12697
606,12976,A,12834,49,85,8
607,12938,C,18,12689,12,219
608,12953,G,141,11,12780,21
609,12853,C,30,12512,19,292
610,12709,A,11970,20,523,196
611,12744,C,34,12611,1,98
612,12359,G,40,52,12210,57
613,12443,C,109,12040,146,148
614,12864,C,12,12526,10,316
615,12873,A,12825,7,17,24
616,12665,A,12536,45,50,34
617,12849,T,91,184,3,12571
618,12835,C,3,12758,4,70
619,12765,G,105,19,12630,11
620,12754,T,114,169,19,12452
621,12836,A,12760,35,24,17
622,12826,C,88,12575,6,157
623,12836,C,10,12418,39,369
624,12823,G,53,5,12762,3
625,12746,C,7,12654,29,56
626,12418,T,16,149,2,12251
627,12694,C,10,12601,13,70
628,12705,C,53,12551,21,80
629,12654,A,12617,6,18,13
630,12531,C,30,12410,11,80
631,12573,C,14,12353,11,195
632,12155,T,19,609,40,11487
633,12274,A,12114,51,85,24
634,12435,T,13,207,51,12164
635,12442,A,12260,66,92,24
636,12407,C,31,11918,33,425
637,12468,A,12320,97,32,19
638,12401,A,12203,126,44,28
639,11936,T,43,167,9,11717
640,12384,T,6,197,10,12171
641,12456,T,7,166,13,12270
642,12438,T,26,86,54,12272
643,12401,G,42,10,12338,11
644,12353,A,12225,92,10,26
645,12368,T,3,54,30,12281
646,12473,A,12446,0,25,2
647,12411,T,29,80,14,12288
648,12454,T,22,57,33,12342
649,12386,G,26,18,12308,34
650,12376,A,12332,8,30,6
651,12186,C,23,11899,46,218
652,12113,A,11862,196,38,17
653,12128,T,68,138,15,11907
654,12092,G,103,28,11897,64
655,11937,G,135,153,11613,36
656,11735,C,264,10450,41,980
657,11919,T,179,369,36,11335
658,11902,A,11187,38,231,446
659,11902,G,157,5,11720,20
660,11909,C,142,11620,26,121
661,12000,C,50,11640,10,300
662,11659,G,125,17,11385,132
663,11792,G,152,43,11571,26
664,11866,G,152,57,11618,39
665,11846,C,82,11615,5,144
666,11572,T,33,1100,11,10428
667,11671,A,11237,202,168,64
668,11817,A,11678,88,7,44
669,11730,T,87,241,5,11397
670,9208,T,13,423,5,8767
671,11786,T,8,347,14,11417
672,11852,T,3,46,6,11797
673,11870,T,1,48,10,11811
674,11857,T,4,70,9,11774
675,11829,C,5,11747,3,74
676,11877,C,3,11852,5,17
677,11830,A,11781,10,32,7
678,11706,T,10,71,6,11619
679,11711,G,4,0,11701,6
680,11536,C,25,11478,5,28
681,11615,C,23,11477,27,88
682,11632,A,11316,167,42,107
683,11654,G,120,5,11524,5
684,11686,C,49,11483,11,143
685,11598,A,11355,17,169,57
686,11671,G,57,33,11555,26
687,11671,C,64,11456,3,148
688,11581,T,72,516,26,10967
689,11626,G,73,25,11499,29
690,11584,T,53,201,44,11286
691,11598,C,5,11136,19,438
692,11432,T,33,597,36,10766
693,11515,A,11335,60,94,26
694,11565,C,11,11452,28,74
695,11574,A,11530,11,16,17
696,11562,C,21,11370,9,162
697,11517,T,5,240,39,11233
698,11499,A,11404,18,70,7
699,11100,C,8,10959,17,116
700,11055,G,228,11,10758,58
701,11109,G,7,0,11091,11
702,11091,T,7,152,5,10927
703,11023,A,10937,8,73,5
704,10873,G,102,10,10755,6
705,10506,T,12,110,26,10358
706,10396,A,10027,34,326,9
707,10613,A,10546,22,37,8
708,10620,T,26,230,16,10348
709,10528,G,274,20,10212,22
710,10666,C,16,10540,68,42
711,10597,A,10510,31,44,12
712,10452,T,17,192,30,10213
713,10502,C,579,9781,108,34
714,10511,A,10366,80,57,8
715,10413,T,205,124,50,10034
716,10024,G,108,99,9723,94
717,9776,A,9012,57,681,26
718,9622,A,8978,47,51,546
719,9834,G,1186,73,8561,14
720,9983,C,34,9883,43,23
721,9834,C,348,9377,14,95
722,10024,A,9935,14,65,10
723,10016,A,9872,67,42,35
724,9937,T,20,30,6,9881
725,9607,G,31,68,9473,35
726,10096,T,28,2677,786,6605
727,10128,A,9945,145,10,28
728,10174,C,1,10011,3,159
729,10169,C,651,6567,22,2929
730,10210,A,9768,330,7,105
731,10203,A,9733,177,10,283
732,8858,A,7817,497,412,132
733,10227,T,7,175,36,10009
734,10067,G,748,150,9121,48
735,10216,C,22,9447,717,30
736,10278,C,0,10205,0,73
737,10131,A,9946,140,20,25
738,10166,C,282,9875,4,5
739,11826,T,6,73,7,11740
740,11800,G,28,3,11744,25
741,11840,G,67,35,11727,11
742,11745,G,272,60,11405,8
743,11750,C,9,11678,27,36
744,11838,A,11609,20,201,8
745,11873,C,0,11836,9,28
746,11757,G,94,12,11628,23
747,11856,C,31,11778,8,39
748,11681,C,9,11367,3,302
749,11996,A,11866,8,85,37
750,11983,C,6,11970,6,1
751,12014,C,44,11940,15,15
752,11902,T,17,48,15,11822
753,11917,G,231,40,11639,7
754,12098,C,9,12068,1,20
755,11983,G,129,19,11810,25
756,11965,T,14,76,10,11865
757,12023,A,11780,39,187,17
758,11979,C,27,11617,7,328
759,12124,T,25,56,42,12001
760,9781,G,19,69,9692,1
761,11969,T,15,208,22,11724
762,11963,A,11151,61,737,14
763,12172,C,2,12142,9,19
764,9652,T,14,28,11,9599
765,11323,T,20,53,213,11037
766,11148,T,17,390,65,10676
767,11677,G,298,55,11276,48
768,12178,T,16,45,16,12101
769,12110,G,334,13,11731,32
770,12291,G,31,12,12214,34
771,12271,C,38,12099,110,24
772,12311,C,53,12132,24,102
773,12294,G,112,5,12174,3
774,9762,A,9720,4,7,31
775,12348,C,20,12185,31,112
776,11883,G,173,43,11661,6
777,12021,A,11513,21,472,15
778,12104,G,273,4,11808,19
779,12313,G,116,15,12024,158
780,12226,T,54,76,46,12050
781,12336,G,93,63,12038,142
782,11353,C,22,10670,9,652
783,11430,A,10885,116,379,50
784,12384,C,5,12337,10,32
785,12255,A,11844,209,160,42
786,12200,C,19,11861,23,297
787,12208,A,10275,59,1790,84
788,12479,G,207,27,11940,305
789,12479,T,52,61,19,12347
790,12547,A,11774,45,692,36
791,12557,C,16,12402,37,102
792,12428,T,27,78,15,12308
793,11982,G,281,30,11627,44
794,12075,C,9,12022,12,32
795,12498,T,69,13,458,11958
796,12242,T,11,755,51,11425
797,9159,T,8,48,20,9083
798,12545,C,41,12411,52,41
799,12621,G,205,14,12389,13
800,12717,T,25,27,9,12656
801,12529,G,41,40,12409,39
802,12637,G,31,10,12591,5
803,12445,A,12369,32,32,12
804,12611,A,12517,18,63,13
805,12591,G,1362,12,11207,10
806,9364,G,16,2,9340,6
807,12619,T,28,22,33,12536
808,12731,G,109,23,12564,35
809,12717,C,23,12526,134,34
810,12695,T,20,30,9,12636
811,12634,T,91,245,333,11965
812,12811,C,36,12726,12,37
813,12656,T,47,60,8,12541
814,12848,G,56,8,12781,3
815,12817,A,12642,13,159,3
816,12842,C,2,12822,7,11
817,9218,G,13,3,9188,14
818,12639,T,16,125,142,12356
819,12832,T,10,8,6,12808
820,12826,G,471,13,12124,218
821,8933,G,14,11,8895,13
822,12822,T,9,12,7,12794
823,12972,G,106,33,12811,22
824,12977,T,15,41,13,12908
825,12763,G,215,28,12489,31
826,12994,G,107,10,12860,17
827,13000,G,328,13,12640,19
828,12970,G,121,20,12826,3
829,12870,C,38,12810,6,16
830,12909,G,215,28,12642,24
831,12684,C,49,12565,19,51
832,12927,C,66,12693,16,152
833,12925,G,292,27,12569,37
834,13004,C,14,12923,3,64
835,12934,G,94,25,12748,67
836,12445,C,23,12324,13,85
837,13007,C,69,12813,53,72
838,13113,C,270,12483,301,59
839,13104,G,759,17,12252,76
840,13006,T,18,58,26,12904
841,13033,G,111,56,12075,791
842,13156,A,12938,8,197,13
843,13206,T,4,7,10,13185
844,13120,C,7,13068,38,7
845,12938,A,12401,117,319,101
846,12982,T,6,137,8,12831
847,9161,G,9,40,9100,12
848,13217,A,12951,17,117,132
849,13296,T,12,48,3,13233
850,9169,G,4,25,9131,9
851,9171,A,9149,7,9,6
852,13298,C,7,13265,2,24
853,13306,G,86,9,13163,48
854,13370,T,7,46,8,13309
855,13393,G,82,25,13283,3
856,13418,G,25,2,13385,6
857,13216,T,24,3,19,13170
858,13343,T,33,14,5,13291
859,13270,C,25,12790,7,448
860,13325,T,44,197,8,13076
861,13196,A,12792,155,243,6
862,13261,C,3,13234,3,21
863,13338,G,189,17,13120,12
864,13409,C,61,13308,13,27
865,13424,C,45,13331,21,27
866,13405,T,46,26,18,13315
867,13444,T,51,27,61,13305
868,13536,C,61,13441,16,18
869,8787,T,9,30,5,8743
870,8838,T,41,25,4,8768
871,8809,C,3,8773,3,30
872,13125,T,49,55,17,13004
873,13075,A,12739,71,199,66
874,13479,C,12,13421,18,28
875,13681,T,11,13,17,13640
876,13606,C,47,13492,43,24
877,13624,G,540,12,13047,25
878,13707,A,13362,64,213,68
879,13563,C,27,13385,56,95
880,13701,C,81,13487,52,81
881,13645,G,352,14,13060,219
882,13584,T,9,100,16,13459
883,13606,A,13072,38,445,51
884,13704,C,10,13589,3,102
885,8249,A,8201,18,16,14
886,13506,A,12749,48,677,32
887,13549,C,1,13523,3,22
888,12390,G,238,53,11954,145
889,12413,C,39,12015,3,356
890,13674,A,12377,128,1160,9
891,13824,C,5,13800,2,17
892,13794,G,333,19,13434,8
893,13652,T,26,9,7,13610
894,13577,C,29,13526,10,12
895,13640,A,12695,285,158,502
896,13681,C,41,13586,24,30
897,13383,A,13166,78,113,26
898,13790,A,13627,101,56,6
899,13798,A,13686,67,37,8
900,13827,A,13731,45,39,12
901,13861,A,13482,40,283,56
902,13855,C,32,13748,13,62
903,13232,A,13068,44,92,28
904,13647,A,13547,31,56,13
905,12789,A,12311,22,442,14
906,12499,G,474,32,11978,15
907,12866,G,245,7,12589,25
908,13317,A,13077,24,131,85
909,13824,G,133,22,13591,78
910,13819,T,16,44,17,13742
911,13531,C,58,13420,6,47
912,13672,G,195,21,13428,28
913,13856,C,4,13783,0,69
914,13645,A,13387,16,208,34
915,13769,C,4,13717,7,41
916,13283,C,101,12666,50,466
917,13536,T,153,96,175,13112
918,13678,T,5,207,24,13442
919,13537,A,13315,146,40,36
920,13787,A,13158,24,567,38
921,12744,C,23,12600,86,35
922,13879,T,14,1547,8,12310
923,13979,T,39,12,14,13914
924,8192,T,2,14,4,8172
925,13874,T,26,378,25,13445
926,14075,G,163,6,13879,27
927,14083,T,11,45,15,14012
928,14017,C,45,13930,13,29
929,14030,A,13444,12,554,20
930,14064,G,176,9,13856,23
931,14112,C,7,14053,9,43
932,14141,G,167,12,13946,16
933,14157,T,2,14,3,14138
934,14158,G,93,33,13956,76
935,14080,T,18,34,54,13974
936,14117,T,11,37,7,14062
937,14034,G,330,26,13607,71
938,14125,C,55,13952,86,32
939,14195,T,15,27,22,14131
940,14126,C,15,14078,13,20
941,8007,A,7977,6,13,11
942,14135,T,7,18,20,14090
943,14118,C,36,14065,16,1
944,14181,T,33,53,35,14060
945,7909,C,4,7878,0,27
946,7886,C,3,7865,2,16
947,7685,T,3,39,6,7637
948,14348,T,43,57,28,14220
949,14290,C,97,14131,20,42
950,14173,G,427,34,13635,77
951,14197,T,49,144,14,13990
952,14043,A,13115,77,821,30
953,14149,G,179,81,13848,41
954,14353,C,213,14076,2,62
955,14370,G,208,75,14026,61
956,14516,C,74,14364,6,72
957,14395,T,11,98,8,14278
958,14315,A,13927,44,130,214
959,14480,C,24,14292,129,35
960,14462,A,13911,32,325,194
961,14439,G,195,35,14182,27
962,7840,A,7820,2,5,13
963,14324,C,19,14182,7,116
964,14314,A,13428,87,757,42
965,14506,C,91,14361,11,43
966,14476,C,119,14295,13,49
967,13864,T,272,92,94,13406
968,13898,T,20,212,28,13638
969,14020,A,13607,175,208,30
970,14298,C,0,14243,2,53
971,14121,A,13648,119,336,18
972,14419,T,3,55,6,14355
973,14345,C,147,14088,104,6
974,14380,T,14,27,1,14338
975,14393,C,33,14345,7,8
976,13074,T,5,851,7,12211
977,12761,C,300,12327,42,92
978,14802,T,16,96,108,14582
979,14836,C,12,14745,68,11
980,14784,A,13733,159,589,303
981,14812,T,47,563,21,14181
982,14949,G,242,60,14642,5
983,14815,A,14436,16,349,14
984,14896,T,7,15,10,14864
985,14924,C,17,14627,38,242
986,15038,T,41,52,44,14901
987,15076,T,24,146,36,14870
988,14968,C,26,14851,11,80
989,14948,A,14849,23,53,23
990,15006,A,14633,34,296,43
991,15095,C,3,15008,34,50
992,15079,A,14702,29,331,17
993,15107,G,153,3,14901,50
994,15129,T,33,6,16,15074
995,15160,T,3,27,4,15126
996,15081,A,14768,54,225,34
997,15072,C,3,14978,1,90
998,15131,G,338,19,14738,36
999,15148,C,5,15114,2,27
1000,15143,C,320,14716,4,103
1001,7516,A,7510,0,3,3
1002,15218,C,5,15095,2,116
1003,15000,A,13523,34,1398,45
1004,15206,A,13450,18,1725,13
1005,15200,C,180,14990,6,24
1006,15140,G,234,1449,13345,112
1007,14196,G,98,12,13978,108
1008,14281,C,231,13913,90,47
1009,13587,C,368,13175,18,26
1010,15248,T,21,66,8,15153
1011,15183,G,50,9,15105,19
1012,15193,G,143,8,14988,54
1013,14782,T,57,332,58,14335
1014,15230,C,91,14564,21,554
1015,15170,C,40,15027,21,82
1016,7058,A,7020,11,18,9
1017,14923,C,53,14460,84,326
1018,15197,G,139,159,14865,34
1019,15321,G,46,16,15236,23
1020,6997,A,6986,2,2,7
1021,15019,A,14759,154,40,66
1022,15243,T,68,19,19,15137
1023,15013,G,397,16,14565,35
1024,14754,T,121,608,14,14011
1025,15159,A,14306,92,442,319
1026,15392,A,15155,78,49,110
1027,15507,A,15125,49,229,104
1028,15324,C,52,15142,5,125
1029,15550,A,15292,21,192,45
1030,15536,C,15,15469,22,30
1031,15592,C,30,15530,3,29
1032,15559,T,5,21,2,15531
1033,14629,C,31,14370,171,57
1034,14751,A,14449,118,124,60
1035,15655,C,0,15615,5,35
1036,15327,A,15009,79,210,29
1037,15722,C,1,15681,1,39
1038,15549,T,22,132,19,15376
1039,15716,G,146,35,15511,24
1040,15776,C,35,15709,5,27
1041,7043,G,10,23,7003,7
1042,15770,A,15462,26,251,31
1043,15645,C,13,15563,20,49
1044,15675,G,174,39,15419,43
1045,15783,C,2,15682,1,98
1046,15742,A,15476,21,130,115
1047,15787,C,13,15646,42,86
1048,15917,C,55,15711,11,140
1049,15865,A,15429,8,387,41
1050,15878,T,283,55,164,15376
1051,15916,T,14,50,7,15845
1052,15864,G,190,12,15632,30
1053,15924,G,67,41,15783,33
1054,15714,C,37,15560,9,108
1055,15714,A,15503,8,175,28
1056,15775,C,11,15704,5,55
1057,15700,G,150,10,15522,18
1058,15937,C,72,15841,3,21
1059,15944,T,32,35,16,15861
1060,15903,G,109,25,15717,52
1061,15573,G,74,61,15083,355
1062,15579,C,97,15415,16,51
1063,15832,A,15060,17,713,42
1064,15720,C,7,15588,15,110
1065,15762,G,225,41,15360,136
1066,15724,C,64,15471,23,166
1067,16040,C,178,15822,9,31
1068,15984,T,69,88,20,15807
1069,16012,G,178,20,15804,10
1070,16075,G,108,2,15839,126
1071,16045,T,26,3,12,16004
1072,14989,T,219,145,14,14611
1073,15581,C,10,14744,8,819
1074,15681,C,42,15436,22,181
1075,15825,C,184,15359,39,243
1076,15813,C,70,15432,62,249
1077,15697,A,15342,36,162,157
1078,14562,T,43,400,187,13932
1079,15096,T,60,265,87,14684
1080,15873,T,3,22,49,15799
1081,15640,G,378,39,14349,874
1082,15948,C,2,15038,16,892
1083,15825,A,15306,40,394,85
1084,15948,C,2,15731,10,205
1085,15969,T,8,75,6,15880
1086,16089,G,217,15,15752,105
1087,16158,C,41,16060,5,52
1088,16403,C,95,16258,25,25
1089,16408,T,14,30,24,16340
1090,16353,C,43,16251,27,32
1091,16421,A,15783,28,575,35
1092,16441,T,53,40,260,16088
1093,16166,T,30,326,26,15784
1094,16366,A,16192,34,53,87
1095,16487,A,16336,8,124,19
1096,16493,T,23,5,9,16456
1097,15918,C,15,15840,11,52
1098,16315,C,78,16126,8,103
1099,16239,T,7,610,20,15602
1100,16176,A,15963,74,86,53
1101,16040,T,46,30,19,15945
1102,16394,C,70,15656,44,624
1103,16695,C,38,16637,8,12
1104,16615,T,43,52,15,16505
1105,6270,G,27,18,6225,0
1106,16457,T,15,142,11,16289
1107,16380,A,16061,61,207,51
1108,16230,C,3,16155,4,68
1109,16259,G,225,29,15969,36
1110,16562,C,5,16489,2,66
1111,16365,A,15813,81,395,76
1112,16718,C,23,16621,2,72
1113,16640,T,20,33,0,16587
1114,16858,G,173,18,16620,47
1115,16800,C,30,16716,9,45
1116,16759,T,53,129,17,16560
1117,16660,G,419,46,16174,21
1118,17020,G,691,12,16312,5
1119,17029,G,113,4,16794,118
1120,17010,T,35,29,21,16925
1121,5966,C,14,5926,4,22
1122,16867,A,15949,209,634,75
1123,16952,T,26,550,20,16356
1124,17035,G,51,19,16958,7
1125,16959,A,16675,28,248,8
1126,16993,C,13,16941,9,30
1127,16809,T,25,19,8,16757
1128,16914,T,12,34,10,16858
1129,17080,T,36,43,49,16952
1130,17090,C,16,17054,6,14
1131,17081,T,67,45,10,16959
1132,17103,G,124,36,16936,7
1133,17131,C,26,17074,7,24
1134,17051,A,16126,38,861,26
1135,17123,G,87,27,16996,13
1136,17128,C,6,17094,3,25
1137,17177,G,96,6,17059,16
1138,17145,C,6,17061,4,74
1139,16951,A,16656,43,226,26
1140,16998,T,31,111,159,16697
1141,17230,G,171,84,16961,14
1142,17282,C,78,17098,33,73
1143,17177,G,1271,42,15826,38
1144,17359,G,582,130,16519,128
1145,17293,C,43,16966,107,177
1146,17212,A,16341,24,778,69
1147,17255,G,559,12,16580,104
1148,17321,T,24,24,7,17266
1149,17335,G,410,37,16827,61
1150,16659,T,41,42,36,16540
1151,17442,T,27,31,4,17380
1152,17392,T,54,164,26,17148
1153,16826,C,49,16580,25,172
1154,17253,C,194,16910,8,141
1155,17123,G,828,241,15997,57
1156,17504,C,181,16772,4,547
1157,17395,G,1882,26,15213,274
1158,17488,G,1108,53,16289,38
1159,17173,C,359,16705,30,79
1160,17432,C,92,17106,129,105
1161,17373,A,16876,43,402,52
1162,17420,G,176,7,17204,33
1163,17465,T,21,12,192,17240
1164,17517,T,3,19,6,17489
1165,17517,G,126,18,17363,10
1166,17487,C,61,17407,5,14
1167,17564,T,11,101,10,17442
1168,17601,G,24,4,17571,2
1169,17612,G,55,3,17539,15
1170,5502,A,5482,10,2,8
1171,17138,C,52,16976,24,86
1172,17448,C,41,17265,13,129
1173,17467,G,311,25,17059,72
1174,17464,C,79,17284,15,86
1175,17263,C,88,17001,11,163
1176,17203,G,394,30,16730,49
1177,17811,C,46,17685,5,75
1178,17393,G,350,46,16972,25
1179,17666,C,32,17577,0,57
1180,15324,T,51,65,60,15148
1181,15844,T,23,279,10,15532
1182,17626,T,83,401,37,17105
1183,16936,C,200,16656,32,48
1184,17814,C,158,17608,23,25
1185,17735,T,358,178,129,17070
1186,17846,G,118,131,17583,14
1187,17602,A,17377,14,199,12
1188,17023,G,165,6,16835,17
1189,17807,A,17633,7,134,33
1190,17924,T,8,16,7,17893
1191,17730,C,36,17630,44,20
1192,17846,G,335,276,17198,37
1193,17945,C,29,17722,9,185
1194,17839,A,16868,52,846,73
1195,17947,G,363,119,17421,44
1196,17982,C,32,17855,21,74
1197,17546,A,17192,69,229,56
1198,17929,G,167,10,17742,10
1199,5196,A,5185,3,4,4
1200,5142,A,5126,12,2,2
1201,18145,T,7,35,6,18097
1202,17980,C,39,17924,11,6
1203,17913,A,17292,19,583,19
1204,17974,G,355,51,17557,11
1205,18117,C,11,17969,8,129
1206,18006,G,461,36,17499,10
1207,17963,A,17374,21,551,17
1208,17983,G,153,32,17778,20
1209,18097,C,36,17982,34,45
1210,18090,T,18,238,15,17819
1211,17554,A,16837,73,444,200
1212,17391,C,12,17270,23,86
1213,17793,A,16441,24,1288,40
1214,17893,G,308,48,17525,12
1215,18141,C,38,18012,12,79
1216,17918,G,421,41,17411,45
1217,18297,G,120,39,18130,8
1218,18164,A,17893,13,241,17
1219,16903,G,245,27,16608,23
1220,18058,A,17644,86,196,132
1221,18261,C,62,17792,24,383
1222,18079,A,17903,63,25,88
1223,18326,A,18210,37,72,7
1224,18348,A,18245,2,88,13
1225,18310,T,9,12,2,18287
1226,18257,C,13,18211,23,10
1227,17526,T,27,334,22,17143
1228,17829,A,15600,59,2140,30
1229,18022,G,244,19,17745,14
1230,18119,C,14,17958,1,146
1231,18351,G,387,10,17919,35
1232,18372,G,191,18,18136,27
1233,18391,C,24,18340,2,25
1234,18276,T,24,68,2,18182
1235,18360,G,227,8,18110,15
1236,18449,G,105,26,18297,21
1237,18337,C,21,18221,3,92
1238,18296,A,18142,10,127,17
1239,18356,A,17734,21,570,31
1240,18467,C,10,18274,25,158
1241,18369,A,18206,44,66,53
1242,18507,A,18222,4,250,31
1243,18504,T,13,13,40,18438
1244,18434,T,11,22,13,18388
1245,18150,C,4,18029,13,104
1246,18345,A,17834,60,396,55
1247,18408,C,20,18247,17,124
1248,18400,A,18174,70,122,34
1249,18526,A,18202,7,304,13
1250,18616,T,5,9,8,18594
1251,18538,C,22,18457,44,15
1252,18495,A,17511,45,903,36
1253,18598,G,319,5,18235,39
1254,18526,T,41,28,47,18410
1255,18595,G,311,35,17820,429
1256,18680,G,165,7,18479,29
1257,18577,C,66,18439,14,58
1258,18503,T,59,128,24,18292
1259,18493,A,17381,128,856,128
1260,18566,C,40,18493,16,17
1261,18693,G,234,29,18402,28
1262,18691,T,42,26,16,18607
1263,18697,C,35,18602,20,40
1264,18694,A,18298,28,343,25
1265,18763,T,109,127,184,18343
1266,18792,T,23,164,88,18517
1267,18433,A,17348,53,994,38
1268,18627,G,758,10,17820,39
1269,18388,A,18098,52,182,56
1270,18343,C,158,17949,132,104
1271,18306,C,585,17403,105,213
1272,18731,C,51,18408,25,247
1273,18794,C,38,18235,8,513
1274,18735,A,18543,45,38,109
1275,18613,A,18122,54,377,60
1276,18773,T,34,178,4,18557
1277,18732,A,18096,90,521,25
1278,18710,G,351,118,18212,29
1279,18792,C,12,18627,3,150
1280,17967,A,17670,75,171,51
1281,18744,A,18575,29,90,50
1282,18802,A,18627,80,37,58
1283,3492,A,3486,3,2,1
1284,18882,A,18159,70,626,27
1285,18871,C,10,18781,22,58
1286,18649,T,22,81,27,18519
1287,18926,G,273,113,18465,75
1288,18983,C,40,18904,3,36
1289,18928,A,18783,77,56,12
1290,18989,A,18810,10,159,10
1291,19007,T,3,10,5,18989
1292,18966,C,18,18927,6,15
1293,18867,A,18590,59,178,40
1294,18664,G,619,60,17952,33
1295,18517,C,31,18381,5,100
1296,18812,A,18539,33,174,66
1297,19010,C,10,18859,1,140
1298,18952,G,209,25,18655,63
1299,18963,C,45,18747,34,137
1300,19106,C,73,18826,41,166
1301,19002,A,18868,21,67,46
1302,19092,A,18905,20,120,47
1303,19123,A,18878,47,175,23
1304,19028,C,17,18915,25,71
1305,19073,G,316,121,18616,20
1306,19164,C,11,19033,1,119
1307,19168,A,18625,25,497,21
1308,19203,G,147,16,19027,13
1309,19227,C,12,19192,5,18
1310,19174,G,97,7,19046,24
1311,19169,T,10,17,8,19134
1312,19228,G,195,37,18980,16
1313,19134,T,49,16,24,19045
1314,19190,C,82,19022,60,26
1315,18835,T,84,64,36,18651
1316,19014,T,154,101,46,18713
1317,19139,T,104,140,85,18810
1318,19094,C,32,18953,25,84
1319,19029,A,18777,113,117,22
1320,19069,A,18834,14,172,49
1321,18059,T,65,40,67,17887
1322,19088,T,30,36,55,18967
1323,19185,T,28,75,37,19045
1324,19014,T,41,171,33,18769
1325,18344,C,39,17852,48,405
1326,19019,C,100,18767,36,116
1327,19219,C,95,18985,29,110
1328,19206,A,18928,22,237,19
1329,19062,G,482,102,18452,26
1330,19239,C,23,19110,6,100
1331,19269,G,354,15,18846,54
1332,19356,G,53,4,19167,132
1333,19319,T,18,42,14,19245
1334,19331,A,18929,16,362,24
1335,19329,C,12,19265,15,37
1336,19331,G,162,17,19099,53
1337,19374,T,22,45,3,19304
1338,19314,G,30,8,19198,78
1339,19203,G,47,16,19130,10
1340,18752,A,18664,8,66,14
1341,19258,A,19123,12,72,51
1342,19296,A,19016,9,262,9
1343,19072,G,254,11,18802,5
1344,19316,G,181,43,19087,5
1345,19299,C,42,19179,3,75
1346,19269,G,1617,8,17542,102
1347,19076,G,392,83,18563,38
1348,18346,C,165,18096,32,53
1349,18977,C,130,18638,94,115
1350,18687,A,18182,74,111,320
1351,18975,G,132,5,18823,15
1352,18990,A,18895,19,50,26
1353,19247,A,19183,21,24,19
1354,19359,A,19306,7,41,5
1355,19333,A,18923,25,381,4
1356,18987,C,52,18797,105,33
1357,19216,C,40,19041,17,118
1358,19153,G,328,9,18795,21
1359,19404,C,38,19312,3,51
1360,19400,G,231,14,19127,28
1361,19408,T,117,20,22,19249
1362,18626,C,5,18435,37,149
1363,19426,C,50,19274,15,87
1364,19415,A,19288,4,111,12
1365,19389,A,18602,11,755,21
1366,19410,C,14,19312,8,76
1367,19402,G,198,5,19190,9
1368,18367,A,17866,101,332,68
1369,18416,C,5,18261,22,128
1370,19353,A,18778,90,421,64
1371,19507,C,11,19401,7,88
1372,19441,A,19203,32,198,8
1373,19478,T,8,12,26,19432
1374,18470,C,13,18392,45,20
1375,19106,C,4,18913,11,178
1376,19020,A,18730,55,177,58
1377,19232,C,42,19009,14,167
1378,15742,A,15380,103,133,126
1379,18885,A,18599,28,236,22
1380,19384,A,19311,10,52,11
1381,19479,A,19389,29,35,26
1382,19497,A,19300,20,68,109
1383,19492,T,359,104,7,19022
1384,15290,C,8,14909,13,360
1385,18995,C,16,18953,4,22
1386,19349,C,35,19247,25,42
1387,19421,C,157,19197,12,55
1388,19469,C,28,19313,10,118
1389,19448,A,19217,19,195,17
1390,19464,T,1,11,10,19442
1391,19389,C,31,19317,14,27
1392,19379,G,175,36,19161,7
1393,19247,A,18985,2,213,47
1394,19346,T,10,187,105,19044
1395,19445,T,18,23,10,19394
1396,19363,C,41,19264,32,26
1397,19417,T,56,81,4,19276
1398,19153,C,21,18977,63,92
1399,19236,A,18696,154,317,69
1400,19304,C,30,19101,22,151
1401,19306,A,19066,93,113,34
1402,19411,A,19111,10,252,38
1403,19402,T,23,6,14,19359
1404,18858,C,45,18775,19,19
1405,18879,G,184,35,18628,32
1406,19383,C,12,19320,1,50
1407,19356,A,19250,23,66,17
1408,19399,T,13,13,10,19363
1409,19323,C,21,19254,31,17
1410,19240,A,18163,222,613,242
1411,19258,T,34,853,23,18348
1412,19306,A,19114,92,53,47
1413,19276,A,18928,85,228,35
1414,19123,C,25,18996,22,80
1415,19206,C,230,18953,2,21
1416,19332,T,7,19,11,19295
1417,19255,C,46,19191,5,13
1418,19149,A,18821,17,283,28
1419,19121,G,1130,285,17623,83
1420,19187,C,108,18828,19,232
1421,18542,G,2322,126,16048,46
1422,19112,G,651,30,18401,30
1423,19193,G,554,17,18477,145
1424,19148,G,119,31,18786,212
1425,18929,T,53,224,24,18628
1426,18947,A,18521,86,319,21
1427,19044,T,88,155,37,18764
1428,19098,G,327,62,18702,7
1429,18768,A,18051,17,679,21
1430,18699,G,301,18,18371,9
1431,19090,C,23,19022,10,35
1432,18720,T,41,33,6,18640
1433,18885,T,22,31,4,18828
1434,19002,T,101,41,32,18828
1435,18145,C,41,18024,18,62
1436,18965,C,127,18772,15,51
1437,18880,T,50,74,3,18753
1438,18910,G,581,81,18159,89
1439,18571,T,50,54,46,18421
1440,18636,T,10,96,18,18512
1441,18413,A,17672,83,639,19
1442,18502,C,4,18429,20,49
1443,18009,T,17,36,15,17941
1444,18156,T,28,39,29,18060
1445,17935,T,8,37,9,17881
1446,17891,A,17374,20,487,10
1447,17919,T,6,3,33,17877
1448,17781,T,3,30,5,17743
1449,16721,C,19,16695,5,2
1450,12770,A,12416,323,16,15
1451,12954,G,106,3,12845,0
1452,12833,A,12786,0,47,0
1453,11981,A,11981,0,0,0
1454,9820,A,9816,0,4,0
1455,9787,G,11,2,9774,0
1456,8199,C,0,8199,0,0
1457,2147,A,2147,0,0,0
1458,425,C,0,424,1,0
1459,14,C,0,13,0,1
1460,13,A,13,0,0,0
1461,3,G,0,0,3,0
1462,3,A,3,0,0,0
1463,1,A,1,0,0,0
1464,1,C,0,1,0,0
1465,1,C,0,1,0,0
